{
    "$schema": "https://schema.management.azure.com/schemas/2015-01-01/deploymentTemplate.json#",
    "contentVersion": "1.0.0.0",
    "parameters": {
        "resourceName": {
            "type": "string",
            "metadata": {
                "description": "The name of the Private gallery resource."
            }
        },
        "location": {
            "type": "string",
            "metadata": {
                "description": "The location of Private gallery resource."
            }
        }
    },
    "resources": [
        {
            "type": "Microsoft.Compute/galleries",
            "name": "[parameters('resourceName')]",
            "apiVersion": "2019-03-01",
            "location": "[parameters('location')]",
            "properties": {},
            "tags": {}
        }
    ]
}