{
    "$schema": "https://schema.management.azure.com/schemas/2015-01-01/deploymentParameters.json#",
    "contentVersion": "1.0.0.0",
    "parameters": {
        "location": {
            "value": "eastus2"
        },
        "galleryName": {
            "value": "PackerImages"
        },
        "imageDefinitionName": {
            "value": "RHEL7"
        },
        "osType": {
            "value": "Linux"
        },
        "osState": {
            "value": "Generalized"
        },
        "publisher": {
            "value": "Redhat"
        },
        "offer": {
            "value": "RHEL"
        },
        "sku": {
            "value": "7_9"
        },
        "minRecommendedvCPUs": {
            "value": 1
        },
        "maxRecommendedvCPUs": {
            "value": 16
        },
        "minRecommendedMemory": {
            "value": 1
        },
        "maxRecommendedMemory": {
            "value": 32
        },
        "hyperVGeneration": {
            "value": "V1"
        }
    }
}